Iteracao,Tempo de Execucao,Memoria Atual,Memoria Pico
0,0.0,0.000448,0.00056
1,0.0,2.4e-05,0.000112
2,0.0,2.4e-05,0.000112
3,0.0008568763732910156,2.4e-05,0.000112
4,0.0025115013122558594,2.4e-05,0.000112
5,0.0005099773406982422,2.4e-05,0.000112
6,0.0,2.4e-05,0.000112
7,0.003038644790649414,2.4e-05,0.000112
8,0.0006709098815917969,2.4e-05,0.000112
9,0.0,2.4e-05,0.000112
