Iteracao,Tempo de Execucao,Memoria Atual,Memoria Pico
0,0.0,0.000448,0.00056
1,0.0,2.4e-05,0.000112
2,0.0,2.4e-05,0.000112
3,0.0,2.4e-05,0.000112
4,0.0,2.4e-05,0.000112
5,0.0006344318389892578,2.4e-05,0.000112
6,0.0006394386291503906,2.4e-05,0.000112
7,0.0,2.4e-05,0.000112
8,0.0004315376281738281,2.4e-05,0.000112
9,0.0006952285766601562,2.4e-05,0.000112
